Employee_Id,checkInDate,check_in,check_out
14,08/01/2023,-,22:00:20
14,08/02/2023,-,21:53:47
14,08/03/2023,12:12:47,21:06:56
14,08/04/2023,12:14:33,21:08:31
14,08/05/2023,12:07:52,22:20:20
14,08/07/2023,12:08:44,22:12:03
14,08/08/2023,12:09:00,21:53:31
14,08/09/2023,12:08:00,-
14,08/10/2023,12:09:54,-
14,08/11/2023,12:25:37,23:27:12
14,08/12/2023,12:24:13,22:47:08
14,8/15/2023,12:05:14,21:43:07
14,8/16/2023,12:05:25,21:18:59
14,8/17/2023,12:03:57,1:26:19
14,8/18/2023,12:10:56,20:58:19
14,8/19/2023,11:15:29,21:01:38
14,8/21/2023,11:55:34,21:41:30
14,8/22/2023,12:05:39,20:51:39
16,08/01/2023,11:11:20,-
16,08/02/2023,11:03:45,21:13:15
16,08/03/2023,11:03:45,21:15:27
16,08/04/2023,11:29:00,21:05:35
16,08/05/2023,11:19:08,21:46:16
16,08/07/2023,11:32:57,21:16:36
16,08/08/2023,11:17:28,22:14:04
16,08/09/2023,11:05:01,21:01:11
16,08/10/2023,11:17:57,21:57:55
16,08/11/2023,11:19:11,22:06:37
16,08/12/2023,10:55:38,20:59:35
16,8/15/2023,11:29:11,21:56:04
16,8/16/2023,11:29:39,21:48:36
16,8/17/2023,11:31:54,21:23:44
16,8/18/2023,11:15:34,21:36:33
16,8/19/2023,11:06:56,21:04:10
16,8/21/2023,11:14:28,22:04:11
16,8/22/2023,11:17:18,21:20:26
17,08/01/2023,11:58:58,23:25:27
17,08/02/2023,12:22:39,22:17:15
17,08/03/2023,11:50:56,22:56:31
17,08/04/2023,12:19:41,21:52:43
17,08/05/2023,12:03:14,23:06:54
17,08/07/2023,11:48:18,23:21:44
17,08/08/2023,12:16:01,22:26:25
17,08/09/2023,12:04:10,23:06:11
17,08/10/2023,11:53:45,22:01:59
17,08/11/2023,12:46:28,22:27:56
17,08/12/2023,12:14:19,23:43:00
17,8/15/2023,12:39:12,22:24:27
17,8/16/2023,12:15:49,22:19:48
17,8/17/2023,12:14:25,20:33:40
17,8/18/2023,12:17:20,21:41:29
17,8/19/2023,11:52:55,21:23:43
17,8/21/2023,11:58:59,21:48:13
17,8/22/2023,12:00:29,21:58:02
18,08/01/2023,10:41:59,20:46:55
18,08/02/2023,10:44:38,20:44:47
18,08/03/2023,10:55:18,-
18,08/04/2023,10:42:16,20:51:56
18,08/05/2023,10:47:07,20:29:49
18,08/07/2023,10:41:57,20:44:07
18,08/08/2023,10:53:17,20:51:18
18,08/09/2023,10:41:42,20:43:05
18,08/10/2023,10:38:54,20:43:48
18,08/11/2023,10:41:25,20:40:56
18,08/12/2023,10:45:24,20:37:16
18,8/15/2023,10:45:32,20:46:32
18,8/16/2023,10:35:39,20:40:52
18,8/17/2023,10:46:23,20:34:12
18,8/18/2023,10:49:24,20:46:42
18,8/19/2023,10:31:55,20:39:15
18,8/21/2023,10:40:02,20:46:44
18,8/22/2023,10:42:44,20:47:47
19,08/01/2023,11:49:16,21:40:21
19,08/02/2023,11:36:17,21:13:29
19,08/03/2023,11:30:08,-
19,08/04/2023,11:24:21,21:05:11
19,08/05/2023,11:27:00,21:46:49
19,08/07/2023,11:42:11,21:16:41
19,08/08/2023,11:45:44,22:22:17
19,08/09/2023,11:39:26,21:06:28
19,08/10/2023,11:40:44,11:46:36
19,08/11/2023,11:46:39,22:07:01
19,08/12/2023,-,-
19,8/15/2023,11:39:22,-
19,8/16/2023,11:53:37,21:48:55
19,8/17/2023,11:38:35,21:36:53
19,8/18/2023,11:43:31,21:41:32
19,8/19/2023,11:25:00,21:04:19
19,8/21/2023,11:40:02,22:04:22
19,8/22/2023,11:27:15,21:19:49
20,08/01/2023,-,20:46:03
20,08/02/2023,14:35:39,20:56:50
20,08/03/2023,14:53:05,20:47:59
20,08/04/2023,11:47:21,20:39:19
20,08/05/2023,12:07:04,21:23:23
20,08/07/2023,15:00:27,21:25:37
20,08/08/2023,14:42:18,21:35:42
20,08/09/2023,15:01:53,21:43:03
20,08/10/2023,14:57:07,21:05:35
20,08/11/2023,11:57:35,20:42:34
20,08/12/2023,12:00:49,22:03:08
20,8/15/2023,14:51:25,21:08:29
20,8/16/2023,14:48:11,21:04:00
20,8/17/2023,14:40:50,20:42:28
20,8/18/2023,11:48:15,20:51:27
20,8/19/2023,11:53:13,20:42:33
20,8/21/2023,14:44:54,20:58:18
20,8/22/2023,12:30:46,20:47:19
21,08/01/2023,11:12:46,19:29:23
21,08/02/2023,10:40:58,19:31:28
21,08/03/2023,11:15:32,19:32:28
21,08/04/2023,10:55:20,19:40:05
21,08/05/2023,11:01:13,-
21,08/07/2023,11:14:45,19:29:02
21,08/08/2023,11:19:31,19:18:18
21,08/09/2023,10:41:49,19:33:16
21,08/10/2023,11:03:05,19:37:41
21,08/11/2023,10:52:53,19:35:45
21,08/12/2023,11:13:11,19:25:39
21,8/15/2023,11:14:28,19:45:42
21,8/16/2023,10:47:44,19:41:36
21,8/17/2023,11:09:37,19:33:09
21,8/18/2023,11:11:48,19:35:28
21,8/19/2023,11:07:09,19:14:43
21,8/21/2023,11:14:42,19:33:30
21,8/22/2023,11:17:42,-
22,08/01/2023,11:20:23,23:15:59
22,08/02/2023,11:15:12,22:09:51
22,08/03/2023,11:20:16,22:26:58
22,08/04/2023,11:27:37,21:48:45
22,08/05/2023,11:16:58,22:25:39
22,08/07/2023,11:17:30,23:08:33
22,08/08/2023,11:19:13,21:57:14
22,08/09/2023,11:24:37,22:35:56
22,08/10/2023,11:13:10,11:24:44
22,08/11/2023,11:24:49,22:23:17
22,08/12/2023,11:09:59,23:30:05
22,8/15/2023,11:20:11,22:23:02
22,8/16/2023,11:05:23,21:07:17
22,8/17/2023,11:07:17,20:33:03
22,8/18/2023,11:28:36,-
22,8/19/2023,11:12:58,21:15:43
22,8/21/2023,11:06:21,21:46:29
22,8/22/2023,11:10:51,21:42:57
23,08/01/2023,10:42:13,23:15:06
23,08/02/2023,10:40:46,22:14:56
23,08/03/2023,10:38:16,22:26:29
23,08/04/2023,10:48:52,21:50:40
23,08/05/2023,10:45:16,22:25:06
23,08/07/2023,10:41:35,23:10:44
23,08/08/2023,10:40:19,22:25:11
23,08/09/2023,10:32:59,22:36:17
23,08/10/2023,10:38:39,21:58:22
23,08/11/2023,10:41:33,22:28:08
23,08/12/2023,10:45:33,23:42:08
23,8/15/2023,10:45:23,22:23:36
23,8/16/2023,14:59:27,22:17:10
23,8/17/2023,10:46:14,20:39:56
23,8/18/2023,10:49:00,21:32:04
23,8/19/2023,10:35:59,21:11:20
23,8/21/2023,10:40:13,21:46:53
23,8/22/2023,10:38:34,20:31:32
24,08/01/2023,11:20:53,21:07:45
24,08/02/2023,11:45:50,20:34:21
24,08/03/2023,11:38:08,21:02:32
24,08/04/2023,11:51:45,11:42:13
24,08/05/2023,-,21:25:04
24,08/07/2023,11:41:29,21:11:03
24,08/08/2023,11:18:22,21:00:50
24,08/09/2023,11:49:38,21:02:17
24,08/10/2023,11:45:22,21:17:29
24,08/11/2023,11:30:40,-
24,08/12/2023,11:46:16,20:39:53
24,8/15/2023,11:35:41,21:21:51
24,8/16/2023,11:27:58,21:02:30
24,8/17/2023,12:00:46,1:28:34
24,8/18/2023,11:24:04,1:28:34
24,8/19/2023,11:35:51,20:45:59
24,8/21/2023,11:34:54,21:12:49
24,8/22/2023,11:45:47,20:38:14
25,08/01/2023,11:43:05,-
25,08/02/2023,11:47:37,20:42:29
25,08/03/2023,11:51:59,-
25,08/04/2023,11:46:10,20:34:13
25,08/05/2023,12:22:51,20:19:52
25,08/07/2023,11:50:43,18:12:56
25,08/08/2023,11:51:11,20:31:07
25,08/09/2023,12:04:16,20:21:57
25,08/10/2023,11:53:31,19:50:13
25,08/11/2023,11:54:54,20:40:01
25,08/12/2023,12:10:14,19:34:26
25,8/15/2023,11:46:21,20:30:35
25,8/16/2023,12:21:57,-
25,8/17/2023,11:51:39,20:50:21
25,8/18/2023,12:41:04,21:03:30
25,8/19/2023,11:49:32,20:35:43
25,8/21/2023,11:45:57,20:29:25
25,8/22/2023,11:50:25,20:44:38
26,08/01/2023,12:18:15,23:14:51
26,08/02/2023,12:44:29,22:10:36
26,08/03/2023,12:05:13,22:26:07
26,08/04/2023,11:51:55,21:49:13
26,08/05/2023,12:22:57,22:25:24
26,08/07/2023,12:05:48,23:12:36
26,08/08/2023,11:54:14,22:25:14
26,08/09/2023,13:56:05,23:04:11
26,08/10/2023,12:10:19,22:00:51
26,08/11/2023,11:52:46,22:23:19
26,08/12/2023,14:26:11,23:42:10
26,8/15/2023,11:58:06,22:03:07
26,8/16/2023,11:43:15,22:17:41
26,8/17/2023,13:15:25,11:36:57
26,8/18/2023,11:37:02,21:10:58
26,8/19/2023,11:30:20,21:11:00
26,8/21/2023,11:56:44,21:47:05
26,8/22/2023,11:54:04,21:44:32
27,08/01/2023,11:21:59,23:25:46
27,08/02/2023,11:30:47,22:17:32
27,08/03/2023,11:21:04,22:56:42
27,08/04/2023,11:36:26,21:52:34
27,08/05/2023,11:09:48,23:07:03
27,08/07/2023,11:32:10,23:22:05
27,08/08/2023,11:26:46,22:26:35
27,08/09/2023,11:38:49,23:06:18
27,08/10/2023,11:27:06,22:02:15
27,08/11/2023,11:35:04,22:28:15
27,08/12/2023,11:31:02,23:42:17
27,8/15/2023,11:28:58,22:26:12
27,8/16/2023,11:26:22,11:23:25
27,8/17/2023,11:23:32,20:33:28
27,8/18/2023,11:29:55,21:35:05
27,8/19/2023,10:58:11,21:23:36
27,8/21/2023,11:01:22,21:48:27
27,8/22/2023,11:07:37,21:57:49
28,08/01/2023,-,-
28,08/02/2023,11:47:22,20:56:46
28,08/03/2023,11:57:06,20:37:49
28,08/04/2023,12:48:39,20:36:54
28,08/05/2023,11:33:04,20:33:30
28,08/07/2023,12:39:16,20:37:00
28,08/08/2023,12:03:53,20:39:50
28,08/09/2023,12:34:35,-
28,08/10/2023,11:32:02,20:34:17
28,08/11/2023,12:58:34,-
28,08/12/2023,11:30:29,20:52:55
28,8/15/2023,12:33:18,21:29:03
28,8/16/2023,12:45:12,21:04:46
28,8/17/2023,11:55:54,20:42:26
28,8/18/2023,13:01:19,20:31:08
28,8/19/2023,11:34:34,20:36:40
28,8/21/2023,12:48:15,20:56:24
28,8/22/2023,11:49:41,20:29:51
29,08/01/2023,11:32:43,20:34:16
29,08/02/2023,11:00:20,-
29,08/03/2023,11:05:42,20:36:25
29,08/04/2023,11:02:17,20:50:01
29,08/05/2023,11:36:14,20:55:24
29,08/07/2023,11:32:03,20:32:16
29,08/08/2023,11:13:40,21:06:51
29,08/09/2023,11:28:01,20:36:49
29,08/10/2023,11:40:24,19:54:58
29,08/11/2023,12:22:03,20:58:14
29,08/12/2023,11:39:09,21:11:26
29,8/15/2023,11:35:22,21:10:15
29,8/16/2023,11:40:51,21:11:18
29,8/17/2023,11:40:51,21:19:18
29,8/18/2023,11:59:48,21:11:12
29,8/19/2023,11:05:01,-
29,8/21/2023,11:41:06,21:15:01
29,8/22/2023,11:31:08,-
30,08/01/2023,14:27:17,-
30,08/02/2023,12:22:21,20:40:05
30,08/03/2023,12:26:26,20:43:22
30,08/04/2023,12:23:41,20:51:33
30,08/05/2023,12:13:48,-
30,08/07/2023,11:58:05,21:16:26
30,08/08/2023,12:50:33,19:38:29
30,08/09/2023,12:25:13,-
30,08/10/2023,12:04:35,20:40:54
30,08/11/2023,12:42:16,21:13:11
30,08/12/2023,11:41:10,-
30,8/15/2023,-,-
30,8/16/2023,-,-
30,8/17/2023,12:51:29,20:40:34
30,8/18/2023,13:52:18,20:39:55
30,8/19/2023,12:02:31,20:42:28
30,8/21/2023,11:28:45,21:05:37
30,8/22/2023,11:48:20,21:20:29
31,08/01/2023,11:54:19,21:43:47
31,08/02/2023,11:45:27,21:38:08
31,08/03/2023,12:01:23,21:52:42
31,08/04/2023,12:04:06,18:30:32
31,08/05/2023,12:14:44,21:42:47
31,08/07/2023,11:37:17,21:37:50
31,08/08/2023,-,-
31,08/09/2023,11:43:29,21:42:20
31,08/10/2023,11:57:14,21:57:41
31,08/11/2023,12:16:23,-
31,08/12/2023,12:02:52,20:36:39
31,8/15/2023,11:40:42,21:00:18
31,8/16/2023,11:24:28,21:16:08
31,8/17/2023,12:06:35,20:23:19
31,8/18/2023,11:44:48,22:03:05
31,8/19/2023,12:11:46,-
31,8/21/2023,13:53:22,21:59:16
31,8/22/2023,12:03:54,-
32,08/01/2023,11:24:29,0:46:42
32,08/02/2023,12:49:45,0:19:29
32,08/03/2023,11:21:36,11:07:59
32,08/04/2023,11:07:54,10:58:38
32,08/05/2023,-,20:52:14
32,08/07/2023,10:50:51,1:23:23
32,08/08/2023,11:25:40,0:41:06
32,08/09/2023,0:41:02,0:27:32
32,08/10/2023,10:59:29,0:23:33
32,08/11/2023,11:04:54,23:53:06
32,08/12/2023,11:26:27,20:37:54
32,8/15/2023,11:01:58,0:27:56
32,8/16/2023,13:15:50,0:35:34
32,8/17/2023,11:08:38,0:45:46
32,8/18/2023,11:02:05,0:22:49
32,8/19/2023,10:58:04,21:17:37
32,8/21/2023,11:11:13,0:59:13
32,8/22/2023,10:52:22,0:26:44
33,08/01/2023,-,-
33,08/02/2023,-,-
33,08/03/2023,-,-
33,08/04/2023,11:44:29,-
33,08/05/2023,11:42:08,20:57:02
33,08/07/2023,-,-
33,08/08/2023,11:41:11,20:41:17
33,08/09/2023,11:41:10,20:34:45
33,08/10/2023,11:42:54,-
33,08/11/2023,11:51:14,20:42:44
33,08/12/2023,11:43:22,21:26:30
33,8/15/2023,11:41:59,20:31:10
33,8/16/2023,11:38:48,20:35:48
33,8/17/2023,13:26:02,-
33,8/18/2023,11:41:27,-
33,8/19/2023,11:39:47,20:38:35
33,8/21/2023,11:44:05,20:32:47
33,8/22/2023,11:43:52,-
34,08/01/2023,-,-
34,08/02/2023,11:31:47,-
34,08/03/2023,-,-
34,08/04/2023,-,-
34,08/05/2023,-,-
34,08/07/2023,-,-
34,08/08/2023,11:36:40,-
34,08/09/2023,11:32:10,-
34,08/10/2023,11:24:53,-
34,08/11/2023,-,-
34,08/12/2023,-,-
34,8/15/2023,11:27:14,-
34,8/16/2023,11:28:19,-
34,8/17/2023,11:29:05,-
34,8/18/2023,11:24:18,-
34,8/19/2023,11:22:26,-
34,8/21/2023,11:24:21,-
34,8/22/2023,-,-
35,08/01/2023,-,-
35,08/02/2023,-,-
35,08/03/2023,11:10:47,-
35,08/04/2023,11:14:55,-
35,08/05/2023,11:13:32,-
35,08/07/2023,11:16:33,-
35,08/08/2023,11:16:31,-
35,08/09/2023,11:22:13,-
35,08/10/2023,11:22:20,-
35,08/11/2023,11:21:53,-
35,08/12/2023,11:28:17,-
35,8/15/2023,11:21:49,-
35,8/16/2023,11:25:29,-
35,8/17/2023,11:22:13,-
35,8/18/2023,11:20:57,-
35,8/19/2023,11:17:05,-
35,8/21/2023,11:17:20,-
35,8/22/2023,11:22:39,22:23:20
36,08/01/2023,11:45:48,19:03:43
36,08/02/2023,11:41:09,20:58:35
36,08/03/2023,11:35:01,20:11:34
36,08/04/2023,11:44:20,19:23:18
36,08/05/2023,11:45:48,19:05:09
36,08/07/2023,11:49:04,21:25:41
36,08/08/2023,11:40:42,19:55:03
36,08/09/2023,11:40:07,21:42:59
36,08/10/2023,11:35:19,19:18:04
36,08/11/2023,11:43:29,19:16:59
36,08/12/2023,11:43:40,22:03:12
36,8/15/2023,11:45:58,19:14:23
36,8/16/2023,11:41:02,18:57:31
36,8/17/2023,11:38:04,19:01:12
36,8/18/2023,11:54:12,18:59:08
36,8/19/2023,11:47:08,18:59:20
36,8/21/2023,11:49:08,19:08:21
36,8/22/2023,-,-
37,08/01/2023,12:08:57,20:32:39
37,08/02/2023,11:59:53,20:24:31
37,08/03/2023,11:53:52,20:20:55
37,08/04/2023,11:59:12,20:18:31
37,08/05/2023,-,-
37,08/07/2023,12:04:09,20:31:58
37,08/08/2023,11:52:32,20:37:21
37,08/09/2023,11:54:03,20:19:54
37,08/10/2023,13:50:30,20:17:24
37,08/11/2023,11:58:29,20:15:31
37,08/12/2023,-,-
37,8/15/2023,12:02:41,20:29:49
37,8/16/2023,13:29:32,20:17:36
37,8/17/2023,12:02:08,20:18:49
37,8/18/2023,11:48:31,20:19:21
37,8/19/2023,-,-
37,8/21/2023,11:45:40,20:19:40
37,8/22/2023,11:50:21,20:44:54
38,08/01/2023,11:40:14,21:14:01
38,08/02/2023,11:42:45,21:03:19
38,08/03/2023,14:11:20,21:10:47
38,08/04/2023,11:40:15,21:05:54
38,08/05/2023,11:33:34,-
38,08/07/2023,11:43:41,21:22:18
38,08/08/2023,11:51:22,21:36:41
38,08/09/2023,11:46:14,21:29:29
38,08/10/2023,11:46:49,21:11:51
38,08/11/2023,11:49:29,21:04:53
38,08/12/2023,11:44:35,22:20:42
38,8/15/2023,11:41:31,21:29:36
38,8/16/2023,12:32:55,21:15:26
38,8/17/2023,11:46:33,21:12:11
38,8/18/2023,11:43:57,21:12:47
38,8/19/2023,11:46:42,21:29:37
38,8/21/2023,11:47:37,21:15:20
38,8/22/2023,12:35:46,21:31:13
39,08/01/2023,11:26:10,-
39,08/02/2023,11:11:27,21:03:25
39,08/03/2023,11:20:41,21:10:26
39,08/04/2023,10:59:29,21:05:56
39,08/05/2023,11:28:22,20:57:26
39,08/07/2023,11:28:57,21:22:20
39,08/08/2023,11:29:20,21:36:51
39,08/09/2023,11:26:27,-
39,08/10/2023,11:12:33,21:11:38
39,08/11/2023,11:23:58,18:25:00
39,08/12/2023,11:29:42,19:05:11
39,8/15/2023,11:13:42,21:29:45
39,8/16/2023,11:27:22,-
39,8/17/2023,11:30:28,21:25:32
39,8/18/2023,11:29:16,11:14:51
39,8/19/2023,11:14:54,21:48:06
39,8/21/2023,11:15:49,21:15:23
39,8/22/2023,11:34:36,21:31:17
40,08/01/2023,11:23:39,20:32:58
40,08/02/2023,11:17:29,20:36:06
40,08/03/2023,11:08:53,20:36:43
40,08/04/2023,11:08:53,20:34:08
40,08/05/2023,-,20:40:17
40,08/07/2023,11:35:11,21:05:02
40,08/08/2023,11:30:51,20:40:42
40,08/09/2023,11:19:48,20:24:29
40,08/10/2023,11:33:50,20:32:59
40,08/11/2023,11:22:47,20:31:10
40,08/12/2023,11:16:44,20:33:21
40,8/15/2023,11:51:45,20:51:13
40,8/16/2023,11:35:23,20:32:33
40,8/17/2023,11:16:41,20:33:20
40,8/18/2023,11:38:28,20:32:42
40,8/19/2023,11:52:20,20:40:32
40,8/21/2023,11:31:24,20:22:05
40,8/22/2023,11:36:47,20:27:13
41,08/01/2023,12:07:18,20:36:12
41,08/02/2023,11:26:37,20:41:46
41,08/03/2023,13:36:38,20:29:22
41,08/04/2023,11:37:47,20:37:06
41,08/05/2023,11:24:43,20:36:07
41,08/07/2023,11:53:58,-
41,08/08/2023,11:24:21,20:34:53
41,08/09/2023,11:11:50,-
41,08/10/2023,12:36:03,20:30:39
41,08/11/2023,11:33:49,20:53:19
41,08/12/2023,-,20:37:58
41,8/15/2023,12:58:31,20:42:42
41,8/16/2023,11:35:55,20:31:39
41,8/17/2023,11:54:02,20:27:24
41,8/18/2023,13:15:03,20:34:42
41,8/19/2023,11:36:06,20:31:37
41,8/21/2023,-,-
41,8/22/2023,11:28:37,20:51:01
42,08/01/2023,11:55:10,20:28:25
42,08/02/2023,11:49:09,20:48:50
42,08/03/2023,11:54:09,18:25:06
42,08/04/2023,12:11:37,20:39:45
42,08/05/2023,-,-
42,08/07/2023,-,-
42,08/08/2023,-,-
42,08/09/2023,-,-
42,08/10/2023,-,-
42,08/11/2023,-,-
42,08/12/2023,-,-
42,8/15/2023,-,-
42,8/16/2023,-,-
42,8/17/2023,-,-
42,8/18/2023,-,-
42,8/19/2023,-,-
42,8/21/2023,-,-
42,8/22/2023,-,-
43,08/01/2023,-,-
43,08/02/2023,-,-
43,08/03/2023,-,19:28:23
43,08/04/2023,12:23:13,20:19:08
43,08/05/2023,12:17:58,17:03:35
43,08/07/2023,-,19:08:14
43,08/08/2023,-,-
43,08/09/2023,11:34:59,-
43,08/10/2023,12:07:56,19:01:29
43,08/11/2023,12:25:22,19:47:07
43,08/12/2023,12:23:01,18:43:32
43,8/15/2023,11:44:23,-
43,8/16/2023,12:21:46,19:32:44
43,8/17/2023,12:06:47,-
43,8/18/2023,11:33:45,19:36:15
43,8/19/2023,-,-
43,8/21/2023,11:47:11,19:51:15
43,8/22/2023,12:05:34,19:28:08
44,08/01/2023,-,-
44,08/02/2023,-,-
44,08/03/2023,-,-
44,08/04/2023,-,-
44,08/05/2023,-,-
44,08/07/2023,-,-
44,08/08/2023,-,-
44,08/09/2023,-,22:15:09
44,08/10/2023,-,-
44,08/11/2023,-,-
44,08/12/2023,-,-
44,8/15/2023,11:13:24,-
44,8/16/2023,11:18:31,21:15:48
44,8/17/2023,-,-
44,8/18/2023,-,-
44,8/19/2023,-,-
44,8/21/2023,-,-
44,8/22/2023,-,-
45,08/01/2023,14:25:22,22:16:26
45,08/02/2023,13:05:46,22:36:18
45,08/03/2023,12:51:30,0:20:00
45,08/04/2023,12:37:09,0:20:00
45,08/05/2023,14:54:27,22:21:09
45,08/07/2023,14:28:44,0:09:11
45,08/08/2023,14:20:19,1:26:41
45,08/09/2023,15:17:02,1:02:05
45,08/10/2023,14:09:17,5:48:50
45,08/11/2023,-,1:22:45
45,08/12/2023,16:13:26,22:48:29
45,8/15/2023,-,-
45,8/16/2023,14:16:38,0:41:13
45,8/17/2023,12:32:49,0:40:15
45,8/18/2023,13:21:53,23:01:13
45,8/19/2023,14:03:18,22:34:24
45,8/21/2023,13:33:34,22:42:36
45,8/22/2023,-,-
46,08/01/2023,11:31:56,23:17:25
46,08/02/2023,11:50:22,22:10:55
46,08/03/2023,11:51:16,22:27:18
46,08/04/2023,12:11:19,21:49:11
46,08/05/2023,11:40:15,22:25:41
46,08/07/2023,12:10:52,-
46,08/08/2023,11:43:25,21:55:47
46,08/09/2023,11:31:28,22:37:03
46,08/10/2023,11:41:06,21:53:36
46,08/11/2023,11:30:05,22:23:26
46,08/12/2023,11:49:24,23:30:35
46,8/15/2023,12:59:04,22:23:22
46,8/16/2023,16:25:40,21:08:49
46,8/17/2023,11:41:02,20:33:13
46,8/18/2023,12:02:11,21:28:59
46,8/19/2023,11:37:18,21:16:00
46,8/21/2023,11:40:17,-
46,8/22/2023,11:37:44,21:43:13
47,08/01/2023,12:06:24,1:37:16
47,08/02/2023,11:04:05,19:56:11
47,08/03/2023,12:13:55,20:00:00
47,08/04/2023,11:31:40,20:01:35
47,08/05/2023,11:29:57,23:09:03
47,08/07/2023,11:26:58,19:58:39
47,08/08/2023,12:00:50,20:01:49
47,08/09/2023,11:51:09,20:00:31
47,08/10/2023,11:26:52,20:02:29
47,08/11/2023,11:32:04,20:15:52
47,08/12/2023,11:27:17,21:52:28
47,8/15/2023,11:53:40,20:10:43
47,8/16/2023,11:45:46,20:02:24
47,8/17/2023,11:29:54,19:33:12
47,8/18/2023,11:35:43,20:11:45
47,8/19/2023,12:27:51,20:11:51
47,8/21/2023,11:54:31,20:06:42
47,8/22/2023,11:50:43,20:10:32
51,08/01/2023,11:25:01,23:08:52
51,08/02/2023,11:52:48,22:14:10
51,08/03/2023,11:22:10,22:25:43
51,08/04/2023,11:53:08,21:11:05
51,08/05/2023,11:38:09,22:28:39
51,08/07/2023,11:31:21,23:10:30
51,08/08/2023,11:31:01,21:41:37
51,08/09/2023,11:41:16,-
51,08/10/2023,11:41:15,21:59:13
51,08/11/2023,11:42:30,22:04:32
51,08/12/2023,11:32:03,23:30:49
51,8/15/2023,11:23:10,21:52:55
51,8/16/2023,11:36:55,20:59:25
51,8/17/2023,11:36:12,11:26:55
51,8/18/2023,11:27:01,22:17:36
51,8/19/2023,11:20:45,21:16:29
51,8/21/2023,11:32:03,21:32:12
51,8/22/2023,11:55:36,21:54:46
61,08/01/2023,11:21:40,-
61,08/02/2023,-,-
61,08/03/2023,11:15:59,-
61,08/04/2023,11:26:50,20:44:27
61,08/05/2023,11:19:33,20:44:53
61,08/07/2023,11:21:09,-
61,08/08/2023,-,20:44:21
61,08/09/2023,-,-
61,08/10/2023,11:29:05,-
61,08/11/2023,11:29:07,-
61,08/12/2023,11:19:53,21:11:10
61,8/15/2023,11:42:36,20:58:58
61,8/16/2023,11:30:17,-
61,8/17/2023,11:18:22,-
61,8/18/2023,11:35:28,-
61,8/19/2023,11:31:46,-
61,8/21/2023,11:39:41,-
61,8/22/2023,11:22:09,-
63,08/01/2023,11:22:18,23:07:46
63,08/02/2023,11:26:12,22:14:44
63,08/03/2023,11:16:09,22:45:12
63,08/04/2023,11:15:25,21:34:31
63,08/05/2023,11:26:48,22:25:16
63,08/07/2023,11:24:30,23:10:32
63,08/08/2023,11:31:51,21:48:14
63,08/09/2023,11:27:28,22:24:34
63,08/10/2023,11:34:42,21:41:00
63,08/11/2023,11:38:42,22:06:39
63,08/12/2023,11:30:51,23:29:48
63,8/15/2023,11:28:34,21:50:02
63,8/16/2023,11:35:01,21:05:15
63,8/17/2023,11:35:31,20:20:39
63,8/18/2023,11:27:59,21:18:54
63,8/19/2023,11:28:28,20:58:33
63,8/21/2023,11:18:16,21:33:34
63,8/22/2023,11:30:30,21:42:35
70,08/01/2023,12:36:50,21:33:00
70,08/02/2023,11:40:33,21:38:02
70,08/03/2023,11:54:21,21:54:17
70,08/04/2023,12:13:02,21:37:21
70,08/05/2023,11:41:48,22:11:07
70,08/07/2023,11:55:39,21:46:07
70,08/08/2023,11:38:16,21:40:48
70,08/09/2023,12:00:29,21:32:13
70,08/10/2023,11:45:39,21:29:36
70,08/11/2023,11:51:41,21:18:12
70,08/12/2023,11:36:45,22:20:26
70,8/15/2023,11:42:03,21:29:21
70,8/16/2023,11:37:14,21:15:41
70,8/17/2023,11:27:32,21:25:26
70,8/18/2023,11:35:36,21:16:34
70,8/19/2023,11:30:34,21:30:00
70,8/21/2023,12:04:44,21:54:00
70,8/22/2023,10:38:24,21:40:59
71,08/01/2023,11:38:05,21:07:39
71,08/02/2023,11:39:58,-
71,08/03/2023,11:39:43,20:31:25
71,08/04/2023,11:43:45,-
71,08/05/2023,11:35:51,20:20:22
71,08/07/2023,11:44:01,-
71,08/08/2023,11:42:03,20:38:11
71,08/09/2023,11:41:55,20:34:06
71,08/10/2023,11:43:33,19:50:15
71,08/11/2023,-,-
71,08/12/2023,11:44:03,21:26:23
71,8/15/2023,11:40:51,20:30:56
71,8/16/2023,11:37:51,20:33:20
71,8/17/2023,13:24:49,20:30:30
71,8/18/2023,11:40:35,20:34:11
71,8/19/2023,11:38:34,-
71,8/21/2023,11:43:03,20:32:13
71,8/22/2023,11:44:30,20:31:48
75,08/01/2023,-,-
75,08/02/2023,-,-
75,08/03/2023,-,-
75,08/04/2023,11:35:52,20:52:08
75,08/05/2023,11:57:45,20:48:04
75,08/07/2023,12:13:17,21:16:49
75,08/08/2023,12:06:04,21:57:17
75,08/09/2023,11:51:43,20:48:10
75,08/10/2023,12:35:31,21:58:03
75,08/11/2023,13:03:30,20:48:56
75,08/12/2023,11:59:03,21:05:18
75,8/15/2023,11:50:19,21:22:49
75,8/16/2023,11:50:19,21:16:55
75,8/17/2023,12:07:15,21:34:19
75,8/18/2023,11:54:44,21:07:33
75,8/19/2023,11:46:36,-
75,8/21/2023,12:17:44,22:25:10
75,8/22/2023,11:52:18,21:19:25
76,08/01/2023,-,-
76,08/02/2023,-,-
76,08/03/2023,-,-
76,08/04/2023,-,-
76,08/05/2023,-,-
76,08/07/2023,-,-
76,08/08/2023,11:52:54,20:31:33
76,08/09/2023,11:52:54,-
76,08/10/2023,11:48:47,-
76,08/11/2023,12:24:36,-
76,08/12/2023,12:01:16,21:15:19
76,8/15/2023,12:21:02,-
76,8/16/2023,12:25:03,-
76,8/17/2023,12:15:44,-
76,8/18/2023,12:02:23,-
76,8/19/2023,11:59:03,-
76,8/21/2023,12:04:38,-
76,8/22/2023,12:12:07,-
78,08/01/2023,-,-
78,08/02/2023,-,-
78,08/03/2023,-,-
78,08/04/2023,-,-
78,08/05/2023,-,-
78,08/07/2023,-,-
78,08/08/2023,-,-
78,08/09/2023,-,-
78,08/10/2023,-,-
78,08/11/2023,-,-
78,08/12/2023,-,-
78,8/15/2023,-,-
78,8/16/2023,-,-
78,8/17/2023,-,-
78,8/18/2023,-,-
78,8/19/2023,-,20:45:38
78,8/21/2023,12:09:34,20:55:54
78,8/22/2023,12:28:12,20:45:16
